Workbook

Sheet Pivot_Category
A3: Row Labels | B3: Sum of price
A4: telephony | B4: 56509.05
A5: health_beauty | B5: 39427.03
A6: housewares | B6: 34809.35
A7: electronics | B7: 31547.8
A8: computers_accessories | B8: 30484.43
A9: sports_leisure | B9: 29660.57
A10: bed_bath_table | B10: 29207.13
A11: furniture_decor | B11: 26085.12
A12: auto | B12: 18073.9
A13: watches_gifts | B13: 12713.42
A14: Grand Total | B14: 308517.8

Sheet Pivot_Region
A3: Row Labels | B3: Sum of price
A4: Southeast | B4: 344571.72
A5: South | B5: 54277.91
A6: Central-West | B6: 20836.44
A7: Northeast | B7: 17510.28
A8: North | B8: 2436.2
A9: Grand Total | B9: 439632.55

Sheet Notes
A1: Notes on this Excel exploration
A2: Sample of 20,000 order items exported from BigQuery mart tables (not the full 112,101 rows), so totals differ from the full 13.49M analysis.
A3: Rows are not randomly ordered (LIMIT without ORDER BY), so category rankings in this sample differ from the full dataset, where health_beauty is #1.
A4: Region was added with XLOOKUP using a state-to-region lookup table (Regions sheet).
A5: Southeast accounts for about 78% of sample revenue, consistent with the Power BI finding that SP, RJ and MG lead revenue.

Sheet Data
A1: order_id | B1: purchase_date | C1: category_english | D1: state | E1: price | F1: freight_value | G1: region
A2: 8fbcb92faf1aa60361f61ed7ae721a7e | B2: 43092 | C2: housewares | D2: MG | E2: 4.4 | F2: 1.68 | G2: =_xlfn.XLOOKUP(D2,Regions!A:A,Regions!B:B) -> Southeast
A3: 8fbcb92faf1aa60361f61ed7ae721a7e | B3: 43092 | C3: housewares | D3: MG | E3: 4.4 | F3: 1.68 | G3: =_xlfn.XLOOKUP(D3,Regions!A:A,Regions!B:B) -> Southeast
A4: 8fbcb92faf1aa60361f61ed7ae721a7e | B4: 43092 | C4: housewares | D4: MG | E4: 4.4 | F4: 1.68 | G4: =_xlfn.XLOOKUP(D4,Regions!A:A,Regions!B:B) -> Southeast
A5: 8fbcb92faf1aa60361f61ed7ae721a7e | B5: 43092 | C5: housewares | D5: MG | E5: 4.4 | F5: 1.68 | G5: =_xlfn.XLOOKUP(D5,Regions!A:A,Regions!B:B) -> Southeast
A6: 71e22e2d99081d6dc07d9627bb85969e | B6: 43124 | C6: perfumery | D6: SP | E6: 7 | F6: 0.28 | G6: =_xlfn.XLOOKUP(D6,Regions!A:A,Regions!B:B) -> Southeast
A7: 8272b63d03f5f79c56e9e4120aec44ef | B7: 42932 | C7: health_beauty | D7: SP | E7: 1.2 | F7: 7.89 | G7: =_xlfn.XLOOKUP(D7,Regions!A:A,Regions!B:B) -> Southeast
A8: 8272b63d03f5f79c56e9e4120aec44ef | B8: 42932 | C8: health_beauty | D8: SP | E8: 1.2 | F8: 7.89 | G8: =_xlfn.XLOOKUP(D8,Regions!A:A,Regions!B:B) -> Southeast
A9: 8272b63d03f5f79c56e9e4120aec44ef | B9: 42932 | C9: health_beauty | D9: SP | E9: 1.2 | F9: 7.89 | G9: =_xlfn.XLOOKUP(D9,Regions!A:A,Regions!B:B) -> Southeast
A10: 8272b63d03f5f79c56e9e4120aec44ef | B10: 42932 | C10: health_beauty | D10: SP | E10: 1.2 | F10: 7.89 | G10: =_xlfn.XLOOKUP(D10,Regions!A:A,Regions!B:B) -> Southeast
A11: 8272b63d03f5f79c56e9e4120aec44ef | B11: 42932 | C11: health_beauty | D11: SP | E11: 1.2 | F11: 7.89 | G11: =_xlfn.XLOOKUP(D11,Regions!A:A,Regions!B:B) -> Southeast
A12: 8272b63d03f5f79c56e9e4120aec44ef | B12: 42932 | C12: health_beauty | D12: SP | E12: 1.2 | F12: 7.89 | G12: =_xlfn.XLOOKUP(D12,Regions!A:A,Regions!B:B) -> Southeast
A13: 8272b63d03f5f79c56e9e4120aec44ef | B13: 42932 | C13: health_beauty | D13: SP | E13: 1.2 | F13: 7.89 | G13: =_xlfn.XLOOKUP(D13,Regions!A:A,Regions!B:B) -> Southeast
... A20001: 14772df2ec0499946fb20841a70659e4 | B20001: 42862 | C20001: sports_leisure | D20001: RJ | E20001: 29.5 | F20001: 16.79 | G20001: =_xlfn.XLOOKUP(D20001,Regions!A:A,Regions!B:B) -> Southeast

Sheet Regions
A1: state | B1: region
A2: AC | B2: North
A3: AP | B3: North
A4: AM | B4: North
A5: PA | B5: North
A6: RO | B6: North
A7: RR | B7: North
A8: TO | B8: North
A9: AL | B9: Northeast
A10: BA | B10: Northeast
A11: CE | B11: Northeast
A12: MA | B12: Northeast
... A28: SC | B28: South
